,0,1,2,3
0,0.6007501,0.6005044,1.54896,3.0
1,0.9282061,0.5988621,1.5795261,3.0
2,0.73278165,1.0389009,-0.79133636,4.0
3,0.5318979,0.9366791,-0.72482866,4.0
4,1.4259863,-0.90137887,-0.058665402,1.0
5,1.7660311,-0.5707738,0.3198306,1.0
6,-0.9452536,0.5633499,0.33687386,2.0
7,-0.6243505,0.32696283,0.7861525,2.0
8,-0.10434123,-1.3770591,1.8983395,0.0
9,0.10140552,-1.1919267,2.0018303,0.0
10,-1.5336736,-0.14077242,-1.262056,6.0
11,-1.3600429,0.29001385,-1.107539,6.0
12,0.58262724,0.9821462,1.4169827,3.0
13,0.42336613,1.1727931,1.4421118,3.0
14,0.62629974,1.2290488,-0.8679069,4.0
15,0.6853004,0.8977436,-0.7647425,4.0
16,1.4975994,-1.1041597,0.26007164,1.0
17,1.5270643,-0.69358563,-0.031949222,1.0
18,-0.93037903,0.8078221,0.61134976,2.0
19,-0.9583761,0.8159899,0.6067278,2.0
20,-0.57790035,-0.946962,1.0378032,0.0
21,-0.38724202,-0.67348176,1.0403217,0.0
22,-0.27602452,-0.5604092,1.0580217,0.0
23,-1.4517161,1.3850781,-1.3265563,6.0
24,-1.294653,0.5971611,-1.3416026,6.0
25,0.28968552,0.9346791,1.3788917,3.0
26,0.29795104,0.99176645,1.3217978,3.0
27,0.78588575,1.02567,-0.71560806,4.0
28,0.8273555,1.0014899,-0.7593289,4.0
29,1.8809313,-0.8985992,0.10923753,1.0
30,1.6066711,-0.5582992,-0.2200865,1.0
31,-0.9332574,0.8314349,0.54874384,2.0
32,-0.9425578,0.89734906,0.5625001,2.0
33,-0.4078705,-0.78865784,1.1231073,0.0
34,-0.43673962,-0.73758614,1.3130271,0.0
35,-1.450622,0.38785926,-1.5450714,6.0
36,-1.0502926,0.2486545,-1.2010118,6.0
37,0.9602862,0.6579368,1.4290508,3.0
38,1.211918,0.7101769,1.655767,3.0
39,1.3789456,0.95690626,-1.43959,4.0
40,1.0659068,0.9689052,-1.5494955,4.0
41,-0.76907814,-1.0460021,0.7555825,0.0
42,1.3301249,-0.81508845,-0.1839103,1.0
43,0.8070557,-0.6014773,-0.38872656,1.0
44,-0.5033726,0.34275806,0.32879716,2.0
45,-0.50436103,0.21858557,0.5069344,2.0
46,-0.18933615,-0.6197162,1.3297584,0.0
47,-0.02445233,-0.69552475,1.5704198,0.0
48,-0.060332336,-0.8046451,1.5709786,0.0
49,-0.88644975,0.3236805,-1.9110347,6.0
50,-1.220594,0.31561717,-1.6698966,6.0
51,0.64685225,1.6735368,0.6585664,3.0
52,0.6394613,1.7413279,0.8849461,3.0
53,0.88683766,1.150199,-0.5237215,4.0
54,1.30943,1.6988691,-0.6451774,4.0
55,0.8143586,-0.7279627,-0.2987873,1.0
56,1.5207155,-0.78404474,-0.06534493,1.0
57,-0.3300363,-0.45081946,1.0692232,0.0
58,-0.22318113,-0.9254493,0.7971394,0.0
59,-0.46781904,-0.83219093,1.0275103,0.0
60,-1.0203989,0.71050715,-1.215929,6.0
61,-0.9815368,0.92906475,-1.4979627,6.0
62,-0.49883154,1.3461752,3.0943208,3.0
63,-0.3739457,1.4715374,2.936961,3.0
64,0.46534312,1.4144722,-0.532948,4.0
65,0.6089745,1.3256328,-0.5313621,4.0
66,2.0089078,-1.8558192,1.070572,1.0
67,1.9871571,-1.899407,0.6929141,1.0
68,-1.4143919,-0.32972643,2.6468723,0.0
69,-1.4282436,-0.26956955,2.4011476,0.0
70,-1.5185192,-0.27624372,2.773557,0.0
71,-1.2271239,-0.47802728,2.9084392,0.0
72,-1.7170805,0.5939648,-0.41663626,6.0
73,-1.5330207,0.35215208,-0.4511712,6.0
74,-0.08601716,1.3130738,2.687233,3.0
75,-0.24580237,1.20749,2.5568666,3.0
76,0.5601142,1.3215264,-0.52018934,4.0
77,0.556271,1.196608,-0.48120284,4.0
78,1.9502149,-1.5145671,0.7458658,1.0
79,1.8870839,-1.6244657,0.6030038,1.0
80,-1.3991356,-0.3146105,2.6529253,0.0
81,-1.2230055,-0.55459154,2.9792345,0.0
82,-1.1486402,-0.46728012,2.8670342,0.0
83,-1.0168569,-0.96143323,0.47377592,0.0
84,1.6385136,1.8748789,1.4564528,3.0
85,1.0614864,1.3048584,1.1063042,3.0
86,0.9629552,1.2322794,-1.4518527,4.0
87,0.88088465,1.182027,-1.2218676,4.0
88,1.5655984,-0.3909999,0.14756715,1.0
89,1.7870079,-0.5663487,-0.08043468,1.0
90,-0.6716611,0.64184666,0.5147937,2.0
91,-0.6457007,0.55894387,0.7420467,2.0
92,-0.1688444,-0.38542777,1.3916774,0.0
93,-0.50991565,-0.36371046,1.0813556,0.0
94,-0.19635177,-0.48665407,1.4403063,0.0
95,-1.287489,-0.27595946,-1.9433808,6.0
96,-1.3343858,0.33755884,-2.0570734,6.0
97,1.8166158,1.1031541,1.2403408,3.0
98,1.6888672,1.0415783,1.1842989,3.0
99,1.2543181,0.8023627,-0.959718,4.0
100,1.1865908,0.7578042,-0.96234155,4.0
101,-1.0301595,-1.883774,0.5851803,0.0
102,1.5536621,-1.0119836,-0.34286755,1.0
103,1.6410471,-0.6786879,-0.38536286,1.0
104,-0.3860307,0.2682538,0.5522529,2.0
105,-0.4000156,0.4353606,0.5697175,2.0
106,0.27921718,-1.2488995,1.4914789,0.0
107,0.36573192,-0.9910473,1.4527363,0.0
108,-0.60566926,1.1308271,-2.366586,6.0
109,-0.55032194,1.1045098,-2.0301642,6.0
110,0.5743908,0.7298812,1.4343807,3.0
111,0.42038244,0.57829046,1.4099736,3.0
112,1.0230525,0.66725284,-1.0985141,4.0
113,1.0485469,0.900227,-1.4415554,4.0
114,1.6284972,-1.1753117,0.014870774,1.0
115,1.7373949,-0.8480027,-0.09194832,1.0
116,-0.70743597,0.38409758,0.36589447,2.0
117,-0.71780056,0.5973848,0.50777483,2.0
118,0.12511897,-1.6095352,1.6445516,0.0
119,-0.14102072,-0.9042493,1.4063045,0.0
120,0.13454524,-1.7231454,1.2817022,0.0
121,-1.6372527,0.63525087,-1.7098877,6.0
122,-1.4624326,0.7795681,-1.5086749,6.0
123,-0.115257524,1.3806536,1.5973555,3.0
124,-0.07373011,1.3868644,1.78408,3.0
125,0.74264336,1.1498083,-0.7026449,4.0
126,0.8780733,0.8733981,-0.5303287,4.0
127,1.6315973,-1.5161074,0.110690944,1.0
128,1.7219706,-1.5026011,0.19424409,1.0
129,-1.5717243,0.5918107,0.47764096,2.0
130,-1.3538129,0.69609165,0.7578666,2.0
131,-0.6788855,-1.6906246,1.1561078,0.0
132,-0.9740675,-1.0098202,0.68951726,0.0
133,-1.8996347,0.67398286,-0.91519266,6.0
134,-1.9082465,0.6465079,-1.0083691,6.0
135,0.2761232,0.734578,1.3464959,3.0
136,1.155877,0.61527455,1.1765707,3.0
137,0.9826216,1.175449,-0.7827752,4.0
138,0.8374252,0.96973073,-0.70792025,4.0
139,1.11466,-0.54614526,-0.23850542,1.0
140,1.4963409,-1.0633242,-0.12865464,1.0
141,-0.6002092,-0.2623913,0.8279237,0.0
142,-0.8702266,0.5340485,0.5890328,2.0
143,-0.9023917,0.2957729,0.20664114,2.0
144,-0.7884573,-1.015908,1.4698175,0.0
145,-0.45480552,-0.74953604,1.4202688,0.0
146,-1.0671828,0.49312603,-1.3312056,6.0
147,-1.0067463,0.46905422,-1.191935,6.0
148,0.9232961,0.80462205,1.0211611,3.0
149,0.942329,0.6261287,1.2259316,3.0
150,1.4189008,0.73110723,-2.1980643,4.0
151,1.5100958,0.81214654,-2.3654773,4.0
152,-0.09209425,-0.9400683,-2.2866786,5.0
153,-0.06924724,-0.937187,-2.1447623,5.0
154,1.6975887,-0.47137725,-1.2334354,1.0
155,2.0138922,-0.66479015,-1.2239267,1.0
156,-0.31395307,0.48244065,0.37078288,2.0
157,-0.3138418,0.52383745,0.066262834,2.0
158,0.2972482,-0.83119744,1.1759332,0.0
159,0.24697396,-0.51522,1.1817387,0.0
160,-0.78068626,0.7061316,-2.330917,6.0
161,-0.8075653,0.7002224,-2.3108528,6.0
162,1.6674186,1.3504395,1.0648185,3.0
163,2.1784182,1.6585824,1.0719285,3.0
164,1.7873954,1.4570153,-1.5337166,4.0
165,1.7544358,1.297633,-1.5726887,4.0
166,0.16674116,-0.7574137,-1.2905502,5.0
167,0.26834095,-0.7503864,-1.4972805,5.0
168,2.1875339,-0.40929097,-0.6613533,1.0
169,2.4556673,-0.21042037,-0.6566435,1.0
170,-0.40080178,0.17294702,0.4736431,2.0
171,-0.11415996,0.5018063,0.3994347,2.0
172,-0.13103637,-1.0682809,1.6034184,0.0
173,-0.22138396,-0.643269,1.1035494,0.0
174,-0.01013571,-1.0764862,1.6212379,0.0
175,-0.7981093,1.247441,-1.7517185,6.0
176,-0.78498393,1.0626428,-2.0211568,6.0
177,1.5458689,1.2359684,1.0257012,3.0
178,1.5614487,1.2092273,1.0835896,3.0
179,1.1546693,0.78653085,-1.9844244,4.0
180,1.5119789,0.7683273,-2.0457706,4.0
181,-0.00507129,-0.64827615,-1.7559977,5.0
182,-0.004592767,-0.8082252,-1.4024767,5.0
183,2.334869,-0.70006955,-0.9481344,1.0
184,2.257628,-0.7179046,-0.8554418,1.0
185,-0.37825203,0.65658706,0.4185626,2.0
186,-0.35430902,0.29042804,0.44376135,2.0
187,0.31371832,-1.0281024,1.3244642,0.0
188,0.10543298,-1.0402861,1.4902474,0.0
189,-0.97466433,1.0871649,-2.4454992,6.0
190,-1.1299795,1.3983651,-2.4818006,6.0
191,0.6127454,0.83512115,1.1709884,3.0
192,0.48818263,0.7293966,1.1137412,3.0
193,0.8185171,1.2951709,-1.1428984,4.0
194,0.97285235,1.173433,-0.797291,4.0
195,-0.41980195,-0.71706235,0.5880213,0.0
196,1.581524,-0.76406765,-0.09602837,1.0
197,1.4330052,-0.61781013,-0.22539414,1.0
198,-1.2320949,0.68372315,0.87743276,2.0
199,-0.9243491,0.6584299,0.62908435,2.0
200,-0.652525,-0.7059112,1.6219618,0.0
201,-0.81042033,-0.6697173,1.3082055,0.0
202,-0.6050406,-0.7612249,1.5756905,0.0
203,-1.4173243,0.6884064,-0.9529781,6.0
204,-1.35977,0.68031186,-1.0294456,6.0
205,0.97724134,0.9450972,1.8571138,3.0
206,0.85530025,0.8586133,1.7576944,3.0
207,0.8777176,1.1908859,-0.6185965,4.0
208,0.86679685,1.0939642,-0.83154947,4.0
209,-0.47301182,-0.9000076,-1.2635983,5.0
210,-0.35374263,-0.9642025,-0.9692318,5.0
211,1.4101833,-0.7712262,0.06300282,1.0
212,1.7714465,-0.6336635,-0.04795605,1.0
213,-0.70750237,0.2896983,0.5235835,2.0
214,-0.6662067,0.35243413,0.9435191,2.0
215,0.14099929,-0.8738439,1.4886365,0.0
216,0.2083211,-0.8315022,1.5166769,0.0
217,-1.284859,0.4946714,-1.0486549,6.0
218,-1.4308659,0.49800295,-1.3109809,6.0
219,1.0099136,1.1202397,1.2956877,3.0
220,0.91876775,0.7747701,1.1336511,3.0
221,0.97747415,0.6612949,-1.9005237,4.0
222,0.9658746,0.803997,-1.9292194,4.0
223,0.06198071,-0.6008187,-1.2947901,5.0
224,-0.019351637,-0.85847056,-1.8377122,5.0
225,1.7805321,-0.69364905,-0.880701,1.0
226,2.2329462,-0.8212268,-0.64885587,1.0
227,-0.7619307,0.6007582,0.4909872,2.0
228,-0.8035747,0.40070546,0.50221723,2.0
229,0.07659609,-0.881675,1.3469468,0.0
230,-0.10972018,-0.7015549,0.960804,0.0
231,0.092549205,-0.9669952,1.3405665,0.0
232,-0.36419523,0.48651278,-2.1855874,6.0
233,-0.46772143,0.5487383,-1.8957113,6.0
234,1.5964819,0.86124444,1.3323365,3.0
235,1.368697,0.6545282,1.0635026,3.0
236,1.1591411,1.0008744,-1.5867631,4.0
237,1.0559862,0.8172502,-1.4046999,4.0
238,-0.053299554,-0.67377144,-1.7758223,5.0
239,0.181824,-0.7784384,-1.6360469,5.0
240,1.9492631,-0.46811962,-0.9016544,1.0
241,1.7344337,-0.9317026,-0.7889472,1.0
242,-0.4535634,0.47437954,0.44255188,2.0
243,-0.50923115,0.5208827,0.34084317,2.0
244,0.123564295,-0.7778655,1.2419642,0.0
245,0.10707169,-0.80408555,1.162197,0.0
246,-0.53955704,0.4503705,-2.2313626,6.0
247,-0.33799103,0.554883,-2.096605,6.0
248,1.6933225,0.79433846,1.1511399,3.0
249,1.8676187,1.0027788,1.1067,3.0
250,1.93485,0.84566486,-1.475442,4.0
251,1.6392927,0.7303324,-1.4796675,4.0
252,-0.09009474,-1.1427237,-1.1098027,5.0
253,0.054682672,-0.9933134,-1.3193899,5.0
254,1.860794,-0.56549454,-1.6065344,1.0
255,2.136553,-0.5483361,-1.2186458,1.0
256,-0.45324177,0.39060238,0.42469963,2.0
257,-0.36237255,0.35736862,0.26209947,2.0
258,0.14165291,-0.66873896,0.9676381,0.0
259,-0.011139892,-0.5251488,0.887894,0.0
260,-0.033950686,-0.6018435,1.0011915,0.0
261,-0.63518834,0.632843,-2.032193,6.0
262,-0.6740541,0.72947264,-1.9911659,6.0
263,0.63622487,0.5502098,1.2812291,3.0
264,0.6537681,0.60056514,1.3285486,3.0
265,0.5451205,0.78042114,-1.4769114,4.0
266,0.6237719,0.6613768,-1.1571164,4.0
267,-0.6148025,-1.4954739,-1.7325553,5.0
268,-0.58782643,-1.4096915,-1.6024735,5.0
269,1.3987634,-1.0502573,-0.11242043,1.0
270,1.3973511,-0.72532254,-0.65591115,1.0
271,-0.97818017,0.5244117,0.43989998,2.0
272,-0.8404519,0.47591937,0.48348466,2.0
273,-0.45085442,-0.91537356,1.2995372,0.0
274,-0.13229948,-1.0862918,1.6258008,0.0
275,-0.95631295,0.11867972,-1.5331594,6.0
276,-1.1341473,-0.0050687967,-1.6243565,6.0
277,0.793891,0.66946745,1.4565709,3.0
278,1.041023,0.69374186,1.3794615,3.0
279,2.5166776,1.9347854,-1.3672248,4.0
280,2.445229,1.904438,-1.2616242,4.0
281,-0.1517981,-0.7593098,-1.1724969,5.0
282,-0.042498462,-0.91543484,-1.472266,5.0
283,2.3165293,-0.6256813,-0.55705225,1.0
284,2.3701866,-0.70494246,-0.8194521,1.0
285,-0.34979844,0.56597257,0.4522749,2.0
286,-0.26541147,0.42585424,0.4406241,2.0
287,0.0567054,-0.70872694,1.3980142,0.0
288,0.099767335,-1.0737771,1.6486592,0.0
289,0.027394049,-1.0679412,1.7638674,0.0
290,-1.2153648,0.93221396,-2.2429645,6.0
291,-0.8954051,0.515833,-2.130532,6.0
292,0.74284315,1.0064838,1.1226468,3.0
293,0.5486493,0.8231479,0.93061966,3.0
294,0.8448074,0.863061,-1.7190682,4.0
295,0.9732777,0.9287501,-1.66415,4.0
296,-0.14128861,-0.7848256,-1.4390371,5.0
297,-0.08625418,-0.55326456,-0.8004201,5.0
298,2.8129497,0.19284806,-0.32964084,1.0
299,2.0417407,-0.8701472,-0.71786594,1.0
300,-0.52367264,0.22679563,0.39868674,2.0
301,-0.44829577,0.33545026,0.52421886,2.0
302,-0.07103969,-0.7153574,1.1386821,0.0
303,0.051052585,-0.76175416,1.1435972,0.0
304,-0.9336698,0.8701395,-1.9819083,6.0
305,-1.1612489,1.036958,-1.9539506,6.0
306,0.5745724,0.6371136,1.5254208,3.0
307,0.47493103,0.36936158,1.6951553,3.0
308,1.0546539,1.0309144,-1.3501972,4.0
309,0.5305733,0.7293686,-1.1226294,4.0
310,-0.49908432,-1.2512031,-1.6402264,5.0
311,-0.57307154,-1.0347867,-1.7116134,5.0
312,1.8093753,-0.6782158,-0.27228186,1.0
313,2.100033,-0.96436715,-0.2995788,1.0
314,-0.80366874,0.42496726,0.7598958,2.0
315,-0.6626975,0.38233593,0.7498546,2.0
316,0.025792394,-1.5716194,1.605126,0.0
317,0.1935235,-1.1366549,1.7183869,0.0
318,-0.22715601,-1.0836177,1.7709564,0.0
319,-1.4266355,0.5641196,-1.9207885,6.0
320,-1.491602,0.6477226,-1.609874,6.0
321,0.88087803,1.2179824,1.6332753,3.0
322,0.049098186,1.3859773,2.0218344,3.0
323,1.4980421,1.2943726,-0.7920865,4.0
324,1.5407076,1.2086415,-0.9894307,4.0
325,1.6007644,1.263734,-1.2871025,4.0
326,-0.48902214,-0.9976934,-1.0496508,5.0
327,-0.13456926,-0.7913734,-0.85482687,5.0
328,1.8640938,-0.8041325,-0.11926549,1.0
329,1.959116,-0.99840707,-0.10880416,1.0
330,-0.66508305,0.68943703,0.64505833,2.0
331,-0.360428,0.646183,0.63354546,2.0
332,-0.19972947,-0.5482383,1.1462954,0.0
333,-0.21772087,-1.2711236,1.5972569,0.0
334,-0.042800263,-0.811587,1.6459591,0.0
335,-1.4790399,0.8333731,-1.170203,6.0
336,-1.2360116,0.81860083,-0.842936,6.0
337,-0.21402091,1.315092,2.0176694,3.0
338,-0.08810782,1.4459953,2.3560116,3.0
339,0.5081425,1.078549,-0.73234206,4.0
340,0.5232431,1.2053887,-0.649409,4.0
341,-1.1388646,-1.3135266,-0.7015803,5.0
342,-1.2594229,-1.3239931,-0.86049026,5.0
343,1.514572,-1.7068994,0.11902135,1.0
344,1.7868838,-1.9561124,0.129804,1.0
345,-1.687374,0.99582535,1.0623657,2.0
346,-1.9387128,0.73395234,0.98020786,2.0
347,-1.6042147,-1.4010056,1.5198122,0.0
348,-1.5175438,-0.93693984,1.4315491,0.0
349,-2.260435,0.3871954,-1.1900643,6.0
350,-2.190796,0.25090238,-1.0554912,6.0
351,0.8811207,0.757096,1.6053361,3.0
352,1.2375199,1.1344444,1.4180988,3.0
353,0.8827051,0.859672,-0.83069485,4.0
354,1.6292132,1.4735622,-0.70417476,4.0
355,-0.37807408,-1.2080232,-0.56542015,5.0
356,-0.49648193,-0.97748923,-0.57626104,5.0
357,1.4612454,-0.8244008,-0.31974787,1.0
358,1.6950833,-0.69861156,-0.37790585,1.0
359,-0.5900582,0.43309882,0.7421385,2.0
360,-0.64559865,0.31330073,0.94160986,2.0
361,0.31080583,-1.2174673,1.8051268,0.0
362,-0.08499353,-1.0623,1.8756899,0.0
363,0.46877632,-1.3606042,2.0204167,0.0
364,-1.1237191,0.71819,-1.056799,6.0
365,-1.0947442,0.4992627,-1.0144823,6.0
366,0.57871765,0.99436134,1.366464,3.0
367,0.4623679,1.0310423,1.2042335,3.0
368,0.897277,0.9566105,-1.0888326,4.0
369,0.81087786,0.8269367,-0.9809767,4.0
370,-0.11839233,-0.5750255,-0.96157974,5.0
371,-0.48842978,-0.88410336,-1.2217649,5.0
372,1.3296006,-0.86242485,-0.53618157,1.0
373,1.7791812,-0.80617464,-0.37744287,1.0
374,-1.4943423,0.53321356,0.29637027,2.0
375,-1.3548518,0.6218929,0.45594463,2.0
376,-0.2649355,-0.8959509,1.2603168,0.0
377,-0.29345345,-0.8333093,1.1727656,0.0
378,-1.4084975,0.12582465,-1.3797305,6.0
379,-1.3778021,0.33021653,-1.1209157,6.0
380,0.20241329,1.0913833,1.4453946,3.0
381,0.14864531,1.4210528,1.4444758,3.0
382,0.3752237,0.65438735,-0.7861128,4.0
383,0.44177327,0.5730834,-0.8008715,4.0
384,-1.2738397,-1.2232786,-0.63198185,5.0
385,-1.2473994,-1.2179526,-0.7456537,5.0
386,1.0176299,-1.6821936,-0.38227847,1.0
387,1.327961,-2.0385559,-0.110219724,1.0
388,-2.1590157,0.3843816,0.8706744,2.0
389,-2.2023761,0.1703164,0.7916714,2.0
390,-1.7330338,-1.229415,1.3370197,0.0
391,-1.7689378,-1.5449402,1.3144133,0.0
392,-1.7009737,-1.4720439,1.4413404,0.0
393,-2.2251296,0.051600486,-1.2866824,6.0
394,-2.3326283,0.1572001,-1.3139695,6.0
395,0.5406322,0.46983585,2.1069667,3.0
396,0.67278326,1.0833062,2.0112135,3.0
397,0.63758385,1.3212783,-0.89593583,4.0
398,0.650797,1.2668539,-0.636224,4.0
399,-0.63655585,-0.9308929,-1.2017951,5.0
400,-0.722351,-1.2751769,-1.0276775,5.0
401,1.3562863,-0.94925785,0.04696481,1.0
402,1.5795784,-0.77051264,-0.17588377,1.0
403,-0.6579065,0.6157868,1.2228508,2.0
404,-0.58373374,0.4566951,0.9516939,2.0
405,0.0028968826,-0.875947,2.1233284,0.0
406,-0.1612328,-1.3976321,2.3133266,0.0
407,-1.2358333,0.21997869,-1.1012557,6.0
408,-1.2288681,0.5206972,-1.1795977,6.0
409,0.28152907,0.7300962,1.5278927,3.0
410,0.7979109,1.6601523,1.5383196,3.0
411,1.0829556,0.60608685,-0.8054245,4.0
412,0.94593537,0.49944884,-0.8437205,4.0
413,-0.9013867,-1.4845481,-0.9804459,5.0
414,-0.30177492,-0.8292826,-1.0089754,5.0
415,1.6269774,-1.2405252,0.004384837,1.0
416,1.7819128,-1.1830546,-0.32707173,1.0
417,-0.9053924,0.83397484,0.7589418,2.0
418,-0.77559674,0.7737834,0.96275723,2.0
419,-0.9144867,-1.1699001,1.4030038,0.0
420,-1.1787642,-1.4868417,1.4363369,0.0
421,-0.96804714,-1.5395253,1.341796,0.0
422,-1.5305735,0.60647285,-0.89764243,6.0
423,-1.4139478,0.5089929,-1.0920627,6.0
424,0.5593486,0.9265691,1.6006131,3.0
425,0.71063876,1.0766301,1.7765441,3.0
426,0.7531455,0.8739925,-0.84357625,4.0
427,0.83750415,0.86184824,-0.9069864,4.0
428,0.20344478,-1.1202433,-0.8275252,5.0
429,-0.31452155,-0.8798497,-1.4157754,5.0
430,1.1832844,-0.8368642,-0.34594512,1.0
431,1.4647517,-0.65467983,-0.4757154,1.0
432,-0.784414,0.40556914,0.34588265,2.0
433,-0.7768219,0.48962757,0.37350386,2.0
434,-0.16504052,-0.9294526,0.8635412,0.0
435,-0.22933903,-0.9564163,1.145802,0.0
436,-1.0100284,0.7944746,-1.1062256,6.0
437,-1.2487153,0.94295645,-1.507409,6.0
438,0.52018934,0.9562688,1.4661483,3.0
439,0.373789,0.79040045,1.4231932,3.0
440,0.80371773,0.625516,-0.71263504,4.0
441,1.3408488,0.96892405,-0.7617787,4.0
442,-0.5706893,-1.0758538,-0.9563187,5.0
443,-0.62797505,-0.76157176,-0.9513444,5.0
444,1.4130058,-0.84195805,-0.10759242,1.0
445,1.6403068,-0.8985404,-0.09113528,1.0
446,-1.0637352,0.6405038,0.6907831,2.0
447,-0.93298614,0.4836388,0.7319541,2.0
448,0.025654923,-0.9749361,1.6351703,0.0
449,-0.23024845,-0.84775704,1.5000254,0.0
450,-0.080356956,-0.88750654,1.689143,0.0
451,-1.3819071,0.2806943,-1.3217317,6.0
452,-1.360404,0.35595712,-1.1847391,6.0
453,0.63060445,0.6192983,0.9972044,3.0
454,0.66686344,0.5552171,1.0460187,3.0
455,0.7335439,0.6757385,-0.7809601,4.0
456,0.41812488,0.9798289,-0.6942059,4.0
457,-0.9326237,-0.8242852,-1.5304339,5.0
458,-0.7343402,-0.7919801,-1.5269295,5.0
459,1.4941255,-0.9348627,-0.7694787,1.0
460,1.831131,-0.79159313,-0.16164589,1.0
461,-0.17822385,0.37690565,0.340803,2.0
462,-0.0855661,0.4493589,0.17905974,2.0
463,-0.39475557,-0.96815574,1.3174521,0.0
464,-0.28064755,-1.0718105,1.4923059,0.0
465,-1.4597319,0.28277937,-1.3126534,6.0
466,-1.3234552,0.2750511,-1.2396487,6.0
467,0.1467737,0.84213126,1.5828577,3.0
468,0.054138906,0.7955869,1.7433252,3.0
469,0.7190652,0.7488379,-1.0273395,4.0
470,0.5731644,0.81450486,-0.899003,4.0
471,-1.322503,-2.6480174,-1.6275595,5.0
472,-1.3170452,-2.5120096,-1.6549861,5.0
473,1.3624681,-1.8792942,-0.089252815,1.0
474,1.4435625,-1.3637751,-0.20004295,1.0
475,-0.94922143,0.5556882,0.244866,2.0
476,-0.62105757,0.4734205,-0.06677891,2.0
477,-0.7652537,-2.443272,1.2693623,0.0
478,-0.8196387,-2.3806973,1.2156132,0.0
479,-0.69792736,-2.4169996,1.1581411,0.0
480,-2.7426422,0.5033419,-1.684954,6.0
481,-1.9271383,-1.2100533,0.2582626,0.0
482,1.3231447,1.5768503,1.4051095,3.0
483,1.6649935,1.588694,1.7550722,3.0
484,1.7028352,1.2158221,-1.1646419,4.0
485,1.5709894,1.3873225,-0.9063947,4.0
486,-0.55453205,-1.4012669,-1.2672065,5.0
487,-0.8251256,-1.2221683,-1.3103489,5.0
488,1.7240173,-1.0409666,-0.2857149,1.0
489,1.6556036,-1.0228908,-0.017347919,1.0
490,-0.7051394,0.69834626,0.6317061,2.0
491,-0.74872094,0.669277,0.59643686,2.0
492,-0.13808534,-1.1085035,1.8361862,0.0
493,-0.35672703,-0.988585,1.5486954,0.0
494,-1.1906885,0.5391765,-1.1895303,6.0
495,-1.2737954,0.35855424,-1.411196,6.0
496,0.74993974,1.3567389,0.9009409,3.0
497,0.70980823,1.3975422,0.92302656,3.0
498,1.0411932,1.3586131,-0.7353787,4.0
499,0.90408105,1.4598281,-0.8255013,4.0
500,-0.79117966,-0.8789465,-0.8937066,5.0
501,-0.77704406,-0.7057751,-1.048223,5.0
502,1.3682648,-1.1003636,-0.1910652,1.0
503,1.7755151,-0.90167886,-0.012021009,1.0
504,-0.71653175,0.89972293,0.5405933,2.0
505,-0.7848789,0.73177433,0.51046044,2.0
506,-0.8085656,-0.6849319,1.0417414,0.0
507,-0.77469575,-0.8677581,1.312827,0.0
508,-0.8143136,-0.6897637,1.3286995,0.0
509,-1.6798342,0.5354122,-1.0138143,6.0
510,-1.5006586,0.33074832,-1.1827096,6.0
511,1.7787057,1.020275,1.3153223,3.0
512,2.0718431,1.1010107,1.3590354,3.0
513,1.3644093,0.5495903,-1.364174,4.0
514,1.8683388,1.3441007,-1.2362715,4.0
515,0.08905854,-0.6465826,-1.4765812,5.0
516,0.2566655,-0.74966615,-1.1902074,5.0
517,1.867894,-0.5845394,-0.5026007,1.0
518,1.8453195,-0.6683962,-0.48040703,1.0
519,-0.33341688,0.65148133,0.5129034,2.0
520,-0.08547774,0.6918815,0.4833379,2.0
521,-0.054652035,-0.60077935,1.3851472,0.0
522,0.042128645,-0.5606001,1.3767914,0.0
523,-1.2797954,1.3361611,-1.9249972,6.0
524,-1.2534046,1.3729899,-1.9318293,6.0
525,0.6814185,0.917738,1.6634618,3.0
526,0.76005036,0.86754006,1.6632077,3.0
527,0.49085388,0.70262986,-1.0882916,4.0
528,0.65294844,0.62025714,-0.9345745,4.0
529,-0.5444225,-0.848124,-1.236534,5.0
530,-0.52790827,-1.009244,-1.4911578,5.0
531,1.6636876,-1.0967892,-0.24722728,1.0
532,2.0536585,-1.1873393,-0.04033106,1.0
533,-1.0605489,0.25282377,0.60975146,2.0
534,-1.360859,0.63357335,0.5852329,2.0
535,-0.59063625,-1.2527336,1.3696182,0.0
536,-0.8047205,-1.0680393,0.948058,0.0
537,-0.8241493,-0.8906217,0.9096122,0.0
538,-1.3668674,0.7825728,-1.2345773,6.0
539,-1.2796147,0.73768425,-1.1506072,6.0
540,0.26351404,1.4624496,1.2274811,3.0
541,0.2529704,1.447952,1.1937094,3.0
542,0.7868266,1.0444771,-0.8593916,4.0
543,1.1159722,0.75306815,-0.7004425,4.0
544,-0.75946987,-0.90774786,-0.89596725,5.0
545,-0.67841244,-1.151002,-0.90425265,5.0
546,0.98456985,-0.5703754,-0.24657428,1.0
547,1.9365141,-0.85344553,-0.11040855,1.0
548,-0.9209582,1.0250959,0.509795,2.0
549,-0.81970364,1.0592667,0.47023892,2.0
550,-0.54746395,-0.2879937,0.8507227,0.0
551,-0.5476698,-0.52748716,0.71664387,0.0
552,-1.0988964,0.2255579,-1.2785666,6.0
553,-0.98103255,0.5986779,-0.9326104,6.0
554,0.9911286,0.82089907,1.0514679,3.0
555,0.7625824,1.0308096,1.0143942,3.0
556,0.78081656,0.96108156,-1.0057579,4.0
557,0.8876882,0.8515477,-1.0608604,4.0
558,0.16135702,-0.71495944,-0.6126892,5.0
559,0.30550787,-0.8136542,-0.76700336,5.0
560,1.4900138,-0.53549397,-0.4013651,1.0
561,1.9118346,-0.7717949,-0.15817384,1.0
562,-0.6619466,0.51840055,0.6082447,2.0
563,-0.78271866,0.41119498,0.7034037,2.0
564,-0.4429729,-0.51608837,0.97935283,0.0
565,-0.6247358,-0.50433666,1.2009605,0.0
566,-0.5774633,-0.5508658,0.9850377,0.0
567,-1.1040968,0.9951592,-1.6857618,6.0
568,-0.9007714,0.9084596,-1.6132007,6.0
569,0.5386808,1.4718509,1.1611763,3.0
570,0.6009654,1.4821517,1.0866203,3.0
571,0.34165394,0.955119,-0.76570934,4.0
572,0.62806815,1.0794795,-1.0163617,4.0
573,-0.59492,-0.9658197,-0.57113117,5.0
574,-0.5648755,-1.0231099,-0.50320315,5.0
575,1.3479726,-1.0973402,-0.23052882,1.0
576,1.704506,-1.077084,0.0072951354,1.0
577,-0.77468705,0.54859155,0.46989125,2.0
578,-0.9871524,0.8285881,0.56664455,2.0
579,-0.8945439,-0.7207347,1.0580777,0.0
580,-0.61045617,-0.8195806,0.780667,0.0
581,-1.3599432,0.95055264,-0.8387425,6.0
582,-1.6170822,0.87454,-1.1150771,6.0
583,-0.15684557,1.6868025,0.9044736,3.0
584,-0.17952853,1.6124591,1.5400307,3.0
585,0.7821186,0.95940334,-0.96299237,4.0
586,0.6868126,0.99581474,-0.85679233,4.0
587,-0.57249916,-0.81064945,-0.77351195,5.0
588,-0.7254629,-0.892874,-0.75448763,5.0
589,0.7433502,-0.97073555,0.086040825,1.0
590,1.3232627,-0.9512347,-0.030739347,1.0
591,-1.8238387,1.3271976,0.59173924,2.0
592,-1.6409848,0.72404754,0.7586102,2.0
593,-1.2496262,-0.57142395,0.940566,0.0
594,-1.1410958,-0.40354174,0.77026147,0.0
595,-1.257546,-0.4807624,0.8874321,0.0
596,-2.04526,1.6180481,-0.7402132,6.0
597,-2.386197,1.1993853,-0.7283465,6.0
598,0.19682059,2.3778162,1.450557,3.0
599,0.17854601,2.091436,1.8161017,3.0
600,0.6796038,1.4928154,-0.49532822,4.0
601,0.46932104,1.6547743,-0.52148926,4.0
602,-1.1754452,-1.5847464,-0.7327603,5.0
603,-1.2189691,-1.2250639,-0.82752603,5.0
604,1.8085874,-1.4806265,0.56864053,1.0
605,1.891091,-1.2922393,0.47473273,1.0
606,-1.5036198,1.095761,1.0884076,2.0
607,-1.5031209,1.2667298,1.173215,2.0
608,-0.9472623,-0.79769814,1.5431957,0.0
609,-1.0887003,-0.40459734,1.3705904,0.0
610,-2.255237,1.6733544,-0.8364249,6.0
611,-2.1368146,1.4728954,-0.9267158,6.0
612,0.36124253,0.75303984,1.2004864,3.0
613,0.46576017,0.7787288,1.221008,3.0
614,0.64699405,1.306736,-0.81883866,4.0
615,0.5350203,1.1719998,-0.79124033,4.0
616,-1.02137,-2.7016506,-1.2608491,5.0
617,-0.97877717,-2.74111,-1.4609723,5.0
618,0.52272034,-1.2029281,-0.071426235,1.0
619,0.6655193,-1.2977554,-0.24391994,1.0
620,-0.43718675,-1.7209722,0.95626885,0.0
621,-0.7199879,-1.7337871,0.9558888,0.0
622,-0.61181265,-2.1048865,1.1010045,0.0
623,-0.6324327,-1.836928,0.8812411,0.0
624,-1.612675,1.0641465,-1.5108805,6.0
625,-1.677095,0.94021803,-1.5652149,6.0
626,0.40364575,0.67666566,1.3322518,3.0
627,0.33896515,0.63869905,1.3532605,3.0
628,0.79085344,1.0355369,-0.78149194,4.0
629,0.6647688,1.0682945,-0.7855339,4.0
630,-0.9690954,-1.531225,-1.4467937,5.0
631,-1.0337307,-1.5296905,-1.5049517,5.0
632,1.106682,-1.6149768,0.12364106,1.0
633,0.8593865,-1.0086762,-0.14101073,1.0
634,-0.22139901,-1.3114195,1.9811285,0.0
635,-0.58175164,-1.6117955,0.66339755,0.0
636,-0.30887875,-1.6934959,1.1682973,0.0
637,-1.4329294,0.41002214,-1.6235929,6.0
638,-1.3447936,0.47434315,-1.543874,6.0
639,1.2155722,1.2679834,0.99392676,3.0
640,0.9571298,0.98587686,1.1209779,3.0
641,1.1494969,1.187332,-2.033032,4.0
642,1.6512357,1.8110121,-1.5675125,4.0
643,-0.1738902,-1.1537968,-1.4075477,5.0
644,-0.37914032,-1.2528849,-1.3818097,5.0
645,0.80111367,-0.47577983,0.19965203,1.0
646,1.6970255,-0.54679275,-0.11130238,1.0
647,-0.35542303,0.38465706,0.52530634,2.0
648,-0.055500135,0.5340485,0.44544885,2.0
649,0.21403113,-0.984759,1.5454417,0.0
650,0.13898462,-1.2209803,1.7245327,0.0
651,0.02523772,-0.6929387,1.375469,0.0
652,-0.78588325,1.5720508,-1.772867,6.0
653,-0.63003796,1.6986934,-1.7085952,6.0
654,-0.51753443,1.5273787,1.9754055,3.0
655,-0.795654,1.5200242,1.6031736,3.0
656,0.244028,1.2669691,-0.65254104,4.0
657,0.26132494,1.2805605,-0.65836847,4.0
658,-2.9258418,-1.9300982,-0.49197498,5.0
659,-2.6990883,-1.8883889,-0.7660493,5.0
660,1.3824943,-2.1372306,0.065133266,1.0
661,1.7954137,-2.1094654,0.14290175,1.0
662,-2.671032,1.307324,0.86627907,2.0
663,-2.356177,1.2654679,0.9245527,2.0
664,-2.543765,-1.2348744,0.73060185,0.0
665,-2.5331306,-1.4067602,0.95490676,0.0
666,-3.4016032,-0.75510556,-0.8807312,6.0
667,-3.5502455,-0.5548016,-1.0096369,6.0
668,-0.06962609,1.2731928,1.773092,3.0
669,-0.031773873,1.5908575,1.9023315,3.0
670,0.42325595,1.0542831,-0.66098094,4.0
671,0.4581971,0.8949655,-0.7332171,4.0
672,-2.232943,-1.2248827,-0.70964015,5.0
673,-1.8441046,-0.96348786,-0.6211913,5.0
674,1.635414,-1.8932174,-0.34504315,1.0
675,2.002813,-2.1145053,0.08689507,1.0
676,-2.3164778,0.3235455,0.57101357,2.0
677,-2.1953387,0.2647812,0.5863037,2.0
678,-2.0584085,-1.1786852,0.81097776,0.0
679,-2.18034,-0.94915843,0.9434982,0.0
680,-1.9467994,-1.0956635,0.79469496,0.0
681,-2.6329176,0.24908997,-0.98247576,6.0
682,-2.6167016,0.31577232,-1.0220547,6.0
683,0.62822634,0.6964219,1.4704486,3.0
684,0.72440434,0.71662366,1.6861768,3.0
685,0.84766084,0.9590197,-0.8239817,4.0
686,0.80578345,0.9586404,-0.71746886,4.0
687,-0.81622726,-1.380605,-1.0309019,5.0
688,-0.59601283,-1.4639,-1.1653215,5.0
689,0.9818415,-0.6738978,0.1696717,1.0
690,1.8006873,-0.67204094,0.34620044,1.0
691,-0.55514586,0.44162396,0.7465377,2.0
692,-0.58695054,0.6722044,0.94670314,2.0
693,-0.50780106,-0.75636464,1.1620117,0.0
694,-0.063687146,-0.30433825,1.4509885,0.0
695,-1.1906992,0.23032711,-1.2380928,6.0
696,-1.2539506,0.20703015,-1.19133,6.0
697,0.6035707,0.82619166,1.5224302,3.0
698,0.88565546,1.0458645,1.607952,3.0
699,1.2258974,1.434221,-0.99353606,4.0
700,1.1664128,1.7083887,-1.1329349,4.0
701,-1.0501009,-1.4718803,-1.8327338,5.0
702,-1.288532,-1.1737297,-1.684707,5.0
703,1.7496517,-0.92000234,0.28315347,1.0
704,1.946872,-1.0900835,0.26356587,1.0
705,-1.147291,0.9043729,0.7016568,2.0
706,-1.2463276,1.4843385,0.35557273,2.0
707,-0.61352545,-1.401618,1.3040282,0.0
708,-0.47324857,-1.4153591,1.0716981,0.0
709,-0.83958906,-0.8487431,0.5212672,0.0
710,-1.8331859,1.5357081,-1.267059,6.0
711,-1.8319297,1.7743516,-1.1377288,6.0
712,0.5258815,1.8582089,1.329795,3.0
713,0.7199161,1.5339494,1.1873201,3.0
714,0.8231516,0.59866965,-0.694522,4.0
715,0.79132724,0.84248793,-0.803842,4.0
716,-0.93000084,-0.5773521,-0.7747647,5.0
717,-0.51224184,-0.7894411,-0.502582,5.0
718,1.3016238,-0.93131864,0.070602305,1.0
719,1.6005762,-1.1533365,0.022774603,1.0
720,-0.87351036,0.59193736,0.6410989,2.0
721,-0.9097576,0.69183713,0.5173768,2.0
722,-0.5342988,-0.8730199,0.86746556,0.0
723,-0.6232833,-0.855086,0.8467571,0.0
724,-1.199991,0.37072492,-0.93619275,6.0
725,-1.7119671,0.34770995,-0.80230904,6.0
726,-0.20355085,2.6482267,1.5082637,3.0
727,-0.14648643,2.7174375,1.4606637,3.0
728,0.57311445,2.4846272,-0.64227045,4.0
729,0.57858,2.0659528,-0.35582796,4.0
730,-1.2344406,-1.5531517,-0.83387876,5.0
731,-1.4772986,-1.6883439,-1.0201149,5.0
732,1.1995343,-1.6598579,0.03308107,1.0
733,1.9886417,-1.1124066,0.6265862,1.0
734,-0.89751184,1.9851781,0.9704674,2.0
735,-1.1158137,1.928965,0.99721867,2.0
736,-0.91832274,-0.49041623,1.7671033,0.0
737,-1.05824,-0.25681645,1.6155746,0.0
738,-0.9189314,-0.40175396,2.0348825,0.0
739,-1.2175878,0.72522,-0.37201118,6.0
740,-1.3098303,1.6903454,-0.42680985,6.0
741,-0.0067726057,2.0698795,1.1255337,3.0
742,-0.06755729,2.426273,1.3125134,3.0
743,0.79475886,2.2980647,-0.61553246,4.0
744,0.69879335,2.447666,-0.37864226,4.0
745,-1.2072339,-1.4021894,-1.1429609,5.0
746,-1.2210311,-1.7417114,-1.2316267,5.0
747,1.0447966,-0.7838274,0.20108774,1.0
748,1.8471634,-0.91247976,0.563286,1.0
749,-1.1090214,1.6422791,0.9749282,2.0
750,-1.162555,1.5509893,1.0751842,2.0
751,-0.8625207,-0.2623966,1.3873861,0.0
752,-1.1231914,-0.13550301,1.5602332,0.0
753,-1.3623412,-0.159814,-1.2358379,6.0
754,-1.230531,0.9269368,-0.5902602,6.0
755,1.3175595,1.7868932,1.3793468,3.0
756,1.0827346,1.7809584,1.312562,3.0
757,0.7720364,1.586968,-0.61964095,4.0
758,0.93653077,1.5368568,-0.604363,4.0
759,-0.29751667,-1.1398053,-0.966751,5.0
760,-0.47015318,-1.0328602,-0.80600494,5.0
761,1.5657121,-0.33327508,-0.06356124,1.0
762,1.6692712,-0.4499886,0.04056725,1.0
763,-0.64781946,0.5436811,0.6980626,2.0
764,-0.73448634,0.61208254,0.696772,2.0
765,-0.42078933,-0.6255011,1.136973,0.0
766,-0.27300823,-0.5774876,1.441058,0.0
767,-0.46148863,-0.73236555,1.2560635,0.0
768,-1.2264718,0.19032057,-1.0298076,6.0
769,-1.4983515,0.73232144,-1.2270514,6.0
770,-0.29236844,1.9831204,1.4318537,3.0
771,-0.43151832,2.2309098,1.2553345,3.0
772,0.5076203,1.7488133,-0.49701104,4.0
773,0.52018964,1.7659096,-0.53263307,4.0
774,-0.8791999,-1.1628302,-0.35653922,5.0
775,-0.93003446,-1.2534037,-0.36772367,5.0
776,1.112762,-1.6563115,0.06511091,1.0
777,1.5968139,-1.6577483,0.23809816,1.0
778,-1.6363393,1.1295747,0.58922243,2.0
779,-1.5662044,1.0872704,0.5733601,2.0
780,-1.1516448,-1.0049107,0.52166593,0.0
781,-1.3753382,-1.0054914,0.66327167,0.0
782,-1.929093,0.9460258,-0.58926,6.0
783,-2.0855784,1.4581578,-1.0326846,6.0
784,1.2456639,1.827053,0.57876,3.0
785,1.2596316,1.9080346,0.55471015,3.0
786,1.1146362,1.8546226,-0.89263064,4.0
787,1.338816,2.3749413,-1.1120237,4.0
788,-0.39410576,-1.3446304,-0.97698617,5.0
789,-0.4161266,-1.5319648,-0.8522034,5.0
790,0.75270104,-1.2534205,0.22542863,1.0
791,0.90867466,-0.9950848,0.2543868,1.0
792,-0.47853595,1.1525955,0.3697569,2.0
793,-0.6891636,1.1145995,0.29875225,2.0
794,-0.39812788,-0.9211628,0.66906655,0.0
795,-0.24519384,-1.0076377,0.7494921,0.0
796,-0.15177888,-1.0369929,0.8146504,0.0
797,-0.90605843,1.6385678,-1.308317,6.0
798,-0.91425186,1.5218674,-1.3499819,6.0
799,0.6756582,1.9771569,0.7272621,3.0
800,1.0093646,1.8808295,0.92135835,3.0
801,0.8331987,1.6762053,-0.80365723,4.0
802,1.1091148,1.9214897,-0.7645995,4.0
803,0.11191421,-1.2452915,0.69458556,0.0
804,0.17195502,-1.3712,0.8784196,0.0
805,-0.5276641,-0.7159618,0.71196294,0.0
806,-0.36009017,-1.228451,0.8990827,0.0
807,-0.53478503,-1.1766871,0.9854267,0.0
808,-1.354868,1.1349217,-1.2721596,6.0
809,-1.2609135,0.9425201,-1.2522713,6.0
810,0.26688433,1.2476802,1.6474131,3.0
811,0.24524048,1.3688946,1.292382,3.0
812,0.7210822,0.59202075,-0.7264293,4.0
813,0.5901019,0.7053947,-0.61904687,4.0
814,-0.7983645,-1.0128417,-0.86181337,5.0
815,-0.80321944,-1.0561172,-0.61702883,5.0
816,1.4474784,-1.3289065,0.13935319,1.0
817,1.6865246,-1.2278923,0.17190458,1.0
818,-0.91460776,0.7332234,0.96824443,2.0
819,-1.0194865,0.50571084,0.7988337,2.0
820,-0.9213775,-1.2504348,0.77331406,0.0
821,-0.84116,-1.6913419,1.3462722,0.0
822,-0.8212046,-1.2710637,0.9624507,0.0
823,-1.7495154,0.53717524,-0.9882141,6.0
824,-1.6889383,0.33160797,-0.9233002,6.0
825,1.0621631,1.482644,1.1832148,3.0
826,1.1127819,1.3973885,1.0582811,3.0
827,1.3233281,0.80783135,-1.042768,4.0
828,0.98087627,0.4802637,-0.9526615,4.0
829,-0.6699578,-1.2882996,-1.569649,5.0
830,-0.6132259,-1.3113126,-1.6307206,5.0
831,1.2950901,-1.2648913,-0.06901285,1.0
832,1.4878286,-1.1492219,-0.26856047,1.0
833,-1.1256603,0.2706833,0.5835337,2.0
834,-1.0789735,0.22572337,0.49710193,2.0
835,-0.5114748,-1.0399175,0.845449,0.0
836,-0.49519524,-0.95730275,0.8955623,0.0
837,-1.3647652,0.7022885,-1.081248,6.0
838,-1.1657832,0.51530755,-0.96440625,6.0
839,0.7179186,-1.0817618,1.2169763,0.0
840,0.9835791,1.9311094,0.7972572,3.0
841,1.2492191,1.9508682,0.6906604,3.0
842,1.2765689,2.0893261,-0.8349716,4.0
843,1.645155,1.8255299,-0.72647846,4.0
844,-0.53296775,-1.1495037,-1.4287863,5.0
845,-0.52981234,-1.1388142,-1.4549952,5.0
846,1.5477715,-0.6233861,-0.25856102,1.0
847,-0.68679124,0.7966913,0.14905119,2.0
848,-0.7710409,0.63173926,0.36591014,2.0
849,-0.12571806,-1.0488886,0.9229242,0.0
850,-0.24685943,-1.0172656,0.89660746,0.0
851,-0.23518014,-0.92628586,0.9879741,0.0
852,-0.88274986,1.1178522,-1.2793541,6.0
853,-1.0440795,1.469062,-1.3011835,6.0
854,1.1057229,0.79955035,0.6866665,3.0
855,0.9994101,1.2476697,0.7839736,3.0
856,0.9960273,1.202282,-0.6469332,4.0
857,1.3153908,1.1996806,-0.516895,4.0
858,-0.5903245,-1.2181685,-0.67149395,5.0
859,-0.6189803,-1.285095,-0.8063671,5.0
860,1.1718192,-0.79305434,-0.07946949,1.0
861,1.7296318,-0.8563217,-0.07910378,1.0
862,-1.0604296,0.8253093,0.57862025,2.0
863,-1.2295094,0.7665421,0.67239296,2.0
864,-0.6751791,-0.98551387,0.6644218,0.0
865,-0.5696727,-0.80293757,0.8036393,0.0
866,-1.2174797,0.419078,-0.76695025,6.0
867,-1.1131568,0.28000575,-0.8834325,6.0
868,0.9962645,1.6275609,1.0120324,3.0
869,0.8721453,1.988674,1.0484966,3.0
870,0.83705425,1.4331405,-0.8235055,4.0
871,1.3516872,1.435235,-0.6717379,4.0
872,-0.57836723,-0.954792,-0.54927903,5.0
873,-0.897033,-0.57839876,-0.5778442,5.0
874,0.7804246,-0.959184,0.019904502,1.0
875,1.6734968,-1.0658716,-0.061404295,1.0
876,-1.1517563,0.6442935,0.5620034,2.0
877,-0.9873645,0.69510734,0.59468085,2.0
878,-0.58837384,-0.6847915,0.9847254,0.0
879,-0.26790208,-0.80258566,0.81075865,0.0
880,-0.5364084,-0.9126315,0.6123135,0.0
881,-1.4657618,0.9169212,-1.0145493,6.0
882,-1.3854307,0.67887896,-1.0182546,6.0
883,0.03361983,2.010717,0.60653764,3.0
884,0.20767277,2.1552486,0.7161104,3.0
885,0.63680434,1.8364102,-0.6357428,4.0
886,0.6862135,1.5366846,-0.39147484,4.0
887,-1.0432528,-2.8768628,-0.8980833,5.0
888,-0.9044508,-2.6948755,-0.52926445,5.0
889,0.79086155,-1.0225627,0.031385086,1.0
890,1.6572187,-1.0759546,0.4786668,1.0
891,-0.62769675,1.0373861,0.39848295,2.0
892,-0.6924355,1.3507571,0.13024673,2.0
893,-0.6990756,-1.0184222,0.8732226,0.0
894,-0.7033485,-1.0399439,0.80425423,0.0
895,-1.3260384,1.3867456,-0.9505081,6.0
896,-1.1976095,1.0476816,-0.74776703,6.0
897,0.238444,1.7924379,0.53775024,3.0
898,0.3386879,1.98771,0.73677105,3.0
899,0.7233807,1.4593693,-0.71561104,4.0
900,0.72387123,1.3531512,-0.56885827,4.0
901,-1.126981,-2.1442363,-1.3985863,5.0
902,-0.9222537,-2.5736036,-1.1720301,5.0
903,0.12570527,-1.0657396,0.83367896,0.0
904,1.0533832,-1.9890938,1.3683469,0.0
905,-0.42818633,-0.33024988,0.96455795,0.0
906,-0.5259917,-1.4338193,0.93256104,0.0
907,-0.7040065,-1.1770139,0.7756372,0.0
908,-0.6861194,-1.18622,0.75243795,0.0
909,-1.1440777,1.2487456,-0.83094823,6.0
910,-1.1308361,1.2358918,-0.7069246,6.0
911,0.8169494,0.91875345,0.92273057,3.0
912,0.749046,0.7174186,1.1275154,3.0
913,1.4614514,1.1918173,-0.8459413,4.0
914,1.4277124,1.0096145,-0.7829388,4.0
915,-0.38314742,-1.3511366,-1.5981069,5.0
916,-0.37421602,-1.6111926,-1.6309052,5.0
917,0.94388163,-0.59977335,-0.16864152,1.0
918,1.3953458,-0.5137655,-0.38575625,1.0
919,-0.6002512,0.40693027,0.23547657,2.0
920,-0.47557,0.23257412,0.44342384,2.0
921,-0.09599152,-0.86502343,1.3346798,0.0
922,-0.13176587,-0.8315579,1.3263075,0.0
923,-0.5342152,0.76853144,-1.0813767,6.0
924,-0.63554394,0.6409016,-1.221501,6.0
925,-0.055537462,1.3597397,1.4813148,3.0
926,-0.15023135,1.4207118,1.4971001,3.0
927,0.627077,1.5393891,-0.5686095,4.0
928,0.597633,1.4876592,-0.6204815,4.0
929,-1.3827157,-1.0654981,-0.57109874,5.0
930,-1.3962752,-0.7883607,-0.4703049,5.0
931,0.8859201,-1.7227252,-0.15508278,1.0
932,1.5710665,-2.03993,0.1395861,1.0
933,-1.5623837,0.61346936,0.6863692,2.0
934,-1.4109683,0.77280724,0.81583023,2.0
935,-1.4475809,-1.1644493,0.90214735,0.0
936,-1.570566,-0.81185865,0.92712617,0.0
937,-1.2409257,-1.0963191,0.85685164,0.0
938,-2.0941088,0.4311123,-0.6790253,6.0
939,-2.0487266,0.17810698,-0.90078485,6.0
940,0.29549214,1.8876878,0.5500797,3.0
941,0.34825787,2.0604591,0.73704123,3.0
942,0.08168557,2.5332112,-0.9944375,4.0
943,0.19122168,2.2605066,-0.9547432,4.0
944,-0.45578408,-1.2469785,-0.69575876,5.0
945,-0.35831538,-1.6074063,-0.72987056,5.0
946,1.2855258,-1.0565866,-0.1372414,1.0
947,1.1282296,-1.0323701,-0.19539249,1.0
948,-0.63388234,1.2913476,0.28486404,2.0
949,-0.7004967,1.140382,0.40676728,2.0
950,-0.2887141,-1.3664739,0.6592793,0.0
951,-0.22936419,-1.2548823,0.7539402,0.0
952,-1.736257,2.7857563,-1.9640508,6.0
953,-1.6083524,3.2364135,-1.7903624,6.0
954,-1.6083524,3.2364135,-1.7903624,6.0
